,uid,name,hash,comment
0,34155678,小小小小顽童,ad5f60cd4752be09eea912e3864429273237815d4f433ad4047ce92e06ee208b,转发动态
1,385819882,_心邪,adc76f4df1942d15a910fc725f2c8b48ac1886fcb64dd730890deef507a01307,//@钟文泽:恭喜@萝卜大头虾 中奖，已私信通知，详情请点击互动抽奖查看。
2,179138295,忄林夕,ae023c5fe03512ffcdd09a557ec349bc504ddb48d7f2f8cc5ce67826a601a4e4,转发动态
3,74098450,蓝白条纹是标配,ac7fffbcea772c148a2338d450245cc859d171614e5229831ba26e0b34e3ceba,转发动态
4,34152741,天边雨霖铃,ae4f3a1d0f6043bb4dc77bc01cc4827887cc36ee3f389e21813d972171450cf7,转发动态
5,329060173,固关人,ae4fad128f679d3a431ef0cc0b42e6a273f4e7103715fe0ff2bbdce8695ff876,中奖是不可能中奖的，我只是来看看祝大家好运//@钟文泽:恭喜@萝卜大头虾 中奖，已私信通知，详情请点击互动抽奖查看。
6,517030439,剁死你的温柔,ac4c42470de435472bad8a7ded5ab87d20556c1e8f1b1836da5197258a3992ec,//@钟文泽:恭喜@萝卜大头虾 中奖，已私信通知，详情请点击互动抽奖查看。
7,496632335,小怡解说,ae6755cd297380452008c16e9ee647c18389f3f3b1b6d588143fc701c64f8984,我我我
8,13575806,84K纯帅-,ac43f2441f8b2189f2dbb6dbd683e8b17f5bd4c6d43a67cde8df21f6048094c8,转发动态
9,379848339,37513809403,ae9f54ad7a7216a0dd8697351d446a6a9627816f0446270167c0eb1302b8d4e2,转发动态
